ranking,municipio,uf,area urbana km²
1,São Paulo,São Paulo,914.5644
2,Rio de Janeiro,Rio de Janeiro,640.3365
3,Brasília,Distrito Federal,590.2166
4,Curitiba,Paraná,336.5066
5,Goiânia,Goiás,301.5507
6,Manaus,Amazonas,277.0854
7,Belo Horizonte,Minas Gerais,274.042
8,Fortaleza,Ceará,253.6912
9,Campo Grande,Mato Grosso do Sul,252.6269
10,Campinas,São Paulo,245.1428
11,Porto Alegre,Rio Grande do Sul,214.9087
12,Salvador,Bahia,196.2572
13,Uberlândia,Minas Gerais,172.8539
14,Teresina,Piauí,172.2605
15,São Luís,Maranhão,165.9574
16,Cuiabá,Mato Grosso,160.5942
17,Guarulhos,São Paulo,156.5236
18,Ribeirão Preto,São Paulo,149.4211
19,Belém,Pará,147.3517
20,Feira de Santana,Bahia,143.1515
21,Porto Velho,Rondônia,143.0943
22,Recife,Pernambuco,142.9853
23,Aparecida de Goiânia,Goiás,140.4331
24,Duque de Caxias,Rio de Janeiro,138.6772
25,Joinville,Santa Catarina,137.5985
26,Sorocaba,São Paulo,134.9586
27,São Gonçalo,Rio de Janeiro,129.8256
28,Londrina,Paraná,129.4435
29,São José dos Campos,São Paulo,128.9418
30,São José do Rio Preto,São Paulo,124.7914
31,Nova Iguaçu,Rio de Janeiro,122.9915
32,Boa Vista,Roraima,116.7697
33,Maceió,Alagoas,115.0845
34,Maringá,Paraná,112.696
35,Piracicaba,São Paulo,110.835
36,João Pessoa,Paraíba,110.8201
37,Florianópolis,Santa Catarina,108.7892
38,Jundiaí,São Paulo,107.222
39,Caxias do Sul,Rio Grande do Sul,104.7056
40,Palmas,Tocantins,104.4644
41,Anápolis,Goiás,103.3523
42,Camaçari,Bahia,102.4264
43,Contagem,Minas Gerais,102.3259
44,Natal,Rio Grande do Norte,99.3168
45,Uberaba,Minas Gerais,98.7215
46,Blumenau,Santa Catarina,98.2463
47,Ponta Grossa,Paraná,97.1042
48,Juiz de Fora,Minas Gerais,96.6963
49,Campos dos Goytacazes,Rio de Janeiro,95.1659
50,Santarém,Pará,95.0074
51,Serra,Espírito Santo,93.6867
52,Itaboraí,Rio de Janeiro,92.8138
53,Betim,Minas Gerais,92.0235
54,São José dos Pinhais,Paraná,91.4555
55,Cascavel,Paraná,91.2399
56,Rio Branco,Acre,87.42
57,Rondonópolis,Mato Grosso,87.0089
58,Petrolina,Pernambuco,86.3902
59,Várzea Grande,Mato Grosso,86.2432
60,Maricá,Rio de Janeiro,85.8766
61,Bauru,São Paulo,85.7806
62,Foz do Iguaçu,Paraná,85.2285
63,Aracaju,Sergipe,84.5693
64,São Bernardo do Campo,São Paulo,84.1272
65,Franca,São Paulo,82.3351
66,Macapá,Amapá,82.2877
67,Petrópolis,Rio de Janeiro,81.7758
68,Araraquara,São Paulo,80.171
69,Santa Maria,Rio Grande do Sul,80.0435
70,São Carlos,São Paulo,79.8655
71,Pelotas,Rio Grande do Sul,79.3942
72,Limeira,São Paulo,79.256
73,Dourados,Mato Grosso do Sul,78.5508
74,Vitória da Conquista,Bahia,77.513
75,Luziânia,Goiás,77.4962
76,Mogi das Cruzes,São Paulo,75.0322
77,Caucaia,Ceará,74.5909
78,Jaboatão dos Guararapes,Pernambuco,74.5196
79,Canoas,Rio Grande do Sul,74.4304
80,Indaiatuba,São Paulo,74.3594
81,Gravataí,Rio Grande do Sul,73.8747
82,Mossoró,Rio Grande do Norte,73.5522
83,Montes Claros,Minas Gerais,73.5097
84,Taubaté,São Paulo,71.4342
85,Niterói,Rio de Janeiro,70.5238
86,Santo André,São Paulo,70.4252
87,Sinop,Mato Grosso,69.6655
88,Marília,São Paulo,69.0917
89,Viamão,Rio Grande do Sul,68.4906
90,Divinópolis,Minas Gerais,67.7114
91,Campina Grande,Paraíba,66.6401
92,Sete Lagoas,Minas Gerais,66.1477
93,Chapecó,Santa Catarina,65.9964
94,Imperatriz,Maranhão,65.0654
95,Cotia,São Paulo,64.9582
96,Araruama,Rio de Janeiro,64.8404
97,Rio Grande,Rio Grande do Sul,64.7847
98,Magé,Rio de Janeiro,64.7222
99,Criciúma,Santa Catarina,64.6227
100,Atibaia,São Paulo,64.2782
101,Cariacica,Espírito Santo,63.193
102,Belford Roxo,Rio de Janeiro,62.8938
103,Ananindeua,Pará,62.7468
104,Marabá,Pará,62.4909
105,Itu,São Paulo,61.5983
106,Cabo Frio,Rio de Janeiro,61.4398
107,Vila Velha,Espírito Santo,60.9094
108,Presidente Prudente,São Paulo,60.8258
109,Osasco,São Paulo,60.619
110,Parauapebas,Pará,60.3047
111,Bragança Paulista,São Paulo,59.5211
112,Passo Fundo,Rio Grande do Sul,59.5094
113,Caruaru,Pernambuco,59.5068
114,Colombo,Paraná,59.4052
115,Americana,São Paulo,58.9911
116,Araçatuba,São Paulo,57.9594
117,Guarapuava,Paraná,57.9451
118,Novo Hamburgo,Rio Grande do Sul,56.8507
119,Caldas Novas,Goiás,56.7395
120,Suzano,São Paulo,56.1162
121,Sumaré,São Paulo,55.6952
122,Itajaí,Santa Catarina,55.4898
123,Jaraguá do Sul,Santa Catarina,55.1189
124,Esmeraldas,Minas Gerais,54.77
125,São José de Ribamar,Maranhão,54.1242
126,Teresópolis,Rio de Janeiro,54.0146
127,Araguaína,Tocantins,53.065
128,Ribeirão das Neves,Minas Gerais,52.9979
129,Saquarema,Rio de Janeiro,52.896
130,Itatiba,São Paulo,52.2255
131,Arapiraca,Alagoas,52.0741
132,Botucatu,São Paulo,51.4859
133,Palhoça,Santa Catarina,51.4672
134,Juazeiro do Norte,Ceará,51.4431
135,Brusque,Santa Catarina,51.1729
136,Rio Verde,Goiás,50.9535
137,Jacareí,São Paulo,50.334
138,Governador Valadares,Minas Gerais,49.9339
139,São Leopoldo,Rio Grande do Sul,49.9226
140,Parnamirim,Rio Grande do Norte,49.4703
141,Lages,Santa Catarina,49.2617
142,Três Lagoas,Mato Grosso do Sul,48.9569
143,Valinhos,São Paulo,48.3038
144,Mairiporã,São Paulo,48.2766
145,Santa Cruz do Sul,Rio Grande do Sul,48.2554
146,Rio Claro,São Paulo,48.2536
147,Paulista,Pernambuco,48.1825
148,Macaé,Rio de Janeiro,47.9675
149,Toledo,Paraná,46.989
150,Maracanaú,Ceará,46.4923
151,Parnaíba,Piauí,46.4331
152,Vitória,Espírito Santo,46.1485
153,Araucária,Paraná,45.816
154,Porto Nacional,Tocantins,44.9493
155,Senador Canedo,Goiás,44.5436
156,Itanhaém,São Paulo,44.3799
157,Castanhal,Pará,44.2795
158,Águas Lindas de Goiás,Goiás,43.8678
159,Itaquaquecetuba,São Paulo,43.8388
160,Porto Seguro,Bahia,43.7611
161,Aquiraz,Ceará,43.5969
162,Volta Redonda,Rio de Janeiro,43.5731
163,Barueri,São Paulo,43.5192
164,Cabo de Santo Agostinho,Pernambuco,43.4664
165,Nova Friburgo,Rio de Janeiro,43.4263
166,Ji-Paraná,Rondônia,43.3746
167,São José,Santa Catarina,43.0271
168,Mauá,São Paulo,42.5349
169,Santa Luzia,Minas Gerais,42.4958
170,Nova Lima,Minas Gerais,41.9786
171,Campo Largo,Paraná,41.9574
172,Ibiúna,São Paulo,40.8817
173,Pindamonhangaba,São Paulo,40.7393
174,Poços de Caldas,Minas Gerais,40.5967
175,Angra dos Reis,Rio de Janeiro,40.0574
176,Mogi Guaçu,São Paulo,39.9664
177,Vilhena,Rondônia,39.9324
178,Apucarana,Paraná,39.874
179,Olinda,Pernambuco,39.7902
180,Juazeiro,Bahia,39.7812
181,Ipatinga,Minas Gerais,39.78
182,Guarujá,São Paulo,39.742
183,Cachoeiro de Itapemirim,Espírito Santo,39.6456
184,Pouso Alegre,Minas Gerais,39.6361
185,Santa Bárbara d'Oeste,São Paulo,39.614
186,Paulínia,São Paulo,39.4967
187,Umuarama,Paraná,39.4245
188,Caraguatatuba,São Paulo,39.4236
189,Santos,São Paulo,39.0549
190,Paranaguá,Paraná,39.0004
191,Itapetininga,São Paulo,38.9853
192,Itumbiara,Goiás,38.9345
193,Araras,São Paulo,38.8556
194,Erechim,Rio Grande do Sul,38.8537
195,Paço do Lumiar,Maranhão,38.7607
196,Tubarão,Santa Catarina,38.4515
197,Resende,Rio de Janeiro,38.3743
198,Barretos,São Paulo,38.2615
199,Praia Grande,São Paulo,38.1867
200,Altamira,Pará,37.7369
201,Hortolândia,São Paulo,37.5767
202,Trindade,Goiás,37.5427
203,Guaratinguetá,São Paulo,37.3345
204,Barcarena,Pará,37.25
205,Barra do Corda,Maranhão,37.2177
206,Araranguá,Santa Catarina,37.2031
207,São Francisco do Sul,Santa Catarina,37.1409
208,Lagoa Santa,Minas Gerais,36.9656
209,Tatuí,São Paulo,36.7576
210,Linhares,Espírito Santo,36.7193
211,Patos de Minas,Minas Gerais,36.7118
212,Catalão,Goiás,36.1423
213,Lajeado,Rio Grande do Sul,36.0654
214,Santana de Parnaíba,São Paulo,35.9344
215,Arapongas,Paraná,35.8991
216,Bagé,Rio Grande do Sul,35.7873
217,Luís Eduardo Magalhães,Bahia,35.6976
218,Catanduva,São Paulo,35.5679
219,Itaguaí,Rio de Janeiro,35.3579
220,Ilhéus,Bahia,35.3282
221,São João de Meriti,Rio de Janeiro,35.2135
222,Gurupi,Tocantins,35.1928
223,Jaú,São Paulo,34.9947
224,Ubatuba,São Paulo,34.9754
225,Varginha,Minas Gerais,34.9464
226,Salto,São Paulo,34.9335
227,Araguari,Minas Gerais,34.8176
228,Alagoinhas,Bahia,34.6101
229,Peruíbe,São Paulo,34.6079
230,Ourinhos,São Paulo,34.3631
231,São Roque,São Paulo,34.2672
232,Bento Gonçalves,Rio Grande do Sul,34.1507
233,Jataí,Goiás,34.1225
234,Rio das Ostras,Rio de Janeiro,34.0953
235,Paranavaí,Paraná,34.0518
236,São Bento do Sul,Santa Catarina,33.8677
237,Sorriso,Mato Grosso,33.6405
238,Itaituba,Pará,33.422
239,Sertãozinho,São Paulo,33.3942
240,Ariquemes,Rondônia,33.2587
241,Cáceres,Mato Grosso,33.1476
242,Rio do Sul,Santa Catarina,33.1467
243,Itupeva,São Paulo,33.0567
244,Nossa Senhora do Socorro,Sergipe,32.9232
245,Alvorada,Rio Grande do Sul,32.8702
246,Macaíba,Rio Grande do Norte,32.7783
247,Imbituba,Santa Catarina,32.6586
248,Uruguaiana,Rio Grande do Sul,32.6457
249,Birigui,São Paulo,32.6374
250,Guarapari,Espírito Santo,32.6277
251,Carapicuíba,São Paulo,32.5745
252,Vinhedo,São Paulo,32.5579
253,Ponta Porã,Mato Grosso do Sul,32.4672
254,Mogi Mirim,São Paulo,32.402
255,São Mateus,Espírito Santo,32.2182
256,Crato,Ceará,32.2083
257,Cambé,Paraná,32.1643
258,Araxá,Minas Gerais,32.1064
259,São Pedro da Aldeia,Rio de Janeiro,32.0309
260,Lauro de Freitas,Bahia,31.9123
261,Simões Filho,Bahia,31.8856
262,Teixeira de Freitas,Bahia,31.769
263,Barreiras,Bahia,31.717
264,Caxias,Maranhão,31.699
265,São Gonçalo do Amarante,Rio Grande do Norte,31.692
266,Pato Branco,Paraná,31.5932
267,Formosa,Goiás,31.4867
268,Timon,Maranhão,31.4837
269,Avaré,São Paulo,31.4581
270,Sabará,Minas Gerais,31.3095
271,Jequié,Bahia,31.2712
272,Sobral,Ceará,31.1727
273,Fazenda Rio Grande,Paraná,31.0703
274,São Sebastião,São Paulo,30.9763
275,Tangará da Serra,Mato Grosso,30.9722
276,Embu das Artes,São Paulo,30.7732
277,Seropédica,Rio de Janeiro,30.2832
278,Barra do Garças,Mato Grosso,30.2738
279,Iranduba,Amazonas,30.2537
280,Barra Mansa,Rio de Janeiro,30.2485
281,Francisco Beltrão,Paraná,30.1467
282,Mairinque,São Paulo,30.0132
283,Bertioga,São Paulo,29.9018
284,Pirassununga,São Paulo,29.8603
285,Valparaíso de Goiás,Goiás,29.5384
286,São Pedro,São Paulo,29.516
287,Ipojuca,Pernambuco,29.3881
288,Concórdia,Santa Catarina,29.3628
289,Aracruz,Espírito Santo,29.3568
290,Paragominas,Pará,29.0748
291,Redenção,Pará,29.0742
292,Paulo Afonso,Bahia,29.0212
293,Almirante Tamandaré,Paraná,28.9641
294,Pinhais,Paraná,28.7961
295,Conselheiro Lafaiete,Minas Gerais,28.6898
296,Açailândia,Maranhão,28.6321
297,Barbacena,Minas Gerais,28.6299
298,Itapevi,São Paulo,28.5966
299,Ceará-Mirim,Rio Grande do Norte,28.5233
300,Grajaú,Maranhão,28.3322
301,Monte Alegre,Pará,28.2257
302,Cacoal,Rondônia,28.0403
303,Boituva,São Paulo,27.9254
304,Gaspar,Santa Catarina,27.8334
305,Jaguaruna,Santa Catarina,27.7432
306,Eusébio,Ceará,27.7183
307,Queimados,Rio de Janeiro,27.6868
308,Itapecerica da Serra,São Paulo,27.6136
309,Vera Cruz,Bahia,27.6061
310,Farroupilha,Rio Grande do Sul,27.5509
311,Diadema,São Paulo,27.5114
312,Piraquara,Paraná,27.4242
313,Ituiutaba,Minas Gerais,27.3399
314,Lagarto,Sergipe,27.2336
315,Caçapava,São Paulo,27.2246
316,Itabuna,Bahia,27.1635
317,Guapimirim,Rio de Janeiro,27.1484
318,São Gonçalo do Amarante,Ceará,27.0622
319,Campo Mourão,Paraná,27.0458
320,Assis,São Paulo,27.0427
321,Mafra,Santa Catarina,27.0296
322,Cubatão,São Paulo,26.9499
323,Bragança,Pará,26.9469
324,Balsas,Maranhão,26.9199
325,Cruzeiro do Sul,Acre,26.9102
326,Santa Rosa,Rio Grande do Sul,26.7887
327,Igarassu,Pernambuco,26.7834
328,Extrema,Minas Gerais,26.7613
329,Santo Ângelo,Rio Grande do Sul,26.4748
330,Carazinho,Rio Grande do Sul,26.3514
331,Camaragibe,Pernambuco,26.322
332,Cruz Alta,Rio Grande do Sul,26.3003
333,Indaial,Santa Catarina,26.2463
334,São Vicente,São Paulo,26.2317
335,Ijuí,Rio Grande do Sul,26.1838
336,Abaetetuba,Pará,26.1655
337,Itaúna,Minas Gerais,26.0895
338,Cascavel,Ceará,25.815
339,Jarinu,São Paulo,25.736
340,Pará de Minas,Minas Gerais,25.7228
341,Votuporanga,São Paulo,25.6509
342,Itabira,Minas Gerais,25.6269
343,Jaboticatubas,Minas Gerais,25.6171
344,São Francisco de Itabapoana,Rio de Janeiro,25.6124
345,Votorantim,São Paulo,25.5406
346,Sapucaia do Sul,Rio Grande do Sul,25.4238
347,Içara,Santa Catarina,25.4094
348,Itapipoca,Ceará,25.4018
349,Tramandaí,Rio Grande do Sul,25.3493
350,Leme,São Paulo,25.2421
351,Goiana,Pernambuco,25.2075
352,Venâncio Aires,Rio Grande do Sul,25.2058
353,Irati,Paraná,25.1879
354,Osório,Rio Grande do Sul,24.9244
355,São João da Boa Vista,São Paulo,24.9131
356,Cachoeira do Sul,Rio Grande do Sul,24.9111
357,Picos,Piauí,24.7503
358,Cachoeirinha,Rio Grande do Sul,24.7179
359,Mateus Leme,Minas Gerais,24.7114
360,Ribeirão Pires,São Paulo,24.6212
361,Jaboticabal,São Paulo,24.5807
362,Planaltina,Goiás,24.5539
363,Cachoeiras de Macacu,Rio de Janeiro,24.5453
364,Passos,Minas Gerais,24.5124
365,Montenegro,Rio Grande do Sul,24.4684
366,Mineiros,Goiás,24.358
367,Sant'Ana do Livramento,Rio Grande do Sul,24.3109
368,Eunápolis,Bahia,24.2477
369,Lavras,Minas Gerais,24.1512
370,Capão da Canoa,Rio Grande do Sul,24.1052
371,Jaguariúna,São Paulo,24.0386
372,São João del-Rei,Minas Gerais,24.0179
373,Eldorado do Sul,Rio Grande do Sul,24.0114
374,Teófilo Otoni,Minas Gerais,24.0052
375,Campos do Jordão,São Paulo,23.9904
376,Navegantes,Santa Catarina,23.8914
377,Timbó,Santa Catarina,23.7804
378,Luís Correia,Piauí,23.7032
379,Sarandi,Paraná,23.6519
380,Torres,Rio Grande do Sul,23.6392
381,Curvelo,Minas Gerais,23.6312
382,Campo Limpo Paulista,São Paulo,23.6015
383,Primavera do Leste,Mato Grosso,23.5927
384,Vacaria,Rio Grande do Sul,23.5927
385,Gravatá,Pernambuco,23.4796
386,Garanhuns,Pernambuco,23.4145
387,Matão,São Paulo,23.3691
388,Embu-Guaçu,São Paulo,23.3597
389,Canoinhas,Santa Catarina,23.3201
390,São Cristóvão,Sergipe,23.2422
391,Rolim de Moura,Rondônia,23.2247
392,Itapira,São Paulo,23.1583
393,Canaã dos Carajás,Pará,23.1277
394,Pomerode,Santa Catarina,23.0944
395,Corumbá,Mato Grosso do Sul,23.0607
396,Fernandópolis,São Paulo,23.0517
397,Guanambi,Bahia,23.037
398,Brumadinho,Minas Gerais,23.0242
399,Extremoz,Rio Grande do Norte,22.9874
400,Mococa,São Paulo,22.9444
401,Lucas do Rio Verde,Mato Grosso,22.8797
402,Lins,São Paulo,22.8165
403,Congonhas do Norte,Minas Gerais,22.7725
404,Santa Rita,Paraíba,22.7408
405,Juína,Mato Grosso,22.718
406,Arujá,São Paulo,22.7045
407,Ouro Preto,Minas Gerais,22.6879
408,Goianira,Goiás,22.6247
409,Ibirité,Minas Gerais,22.6038
410,Guaíba,Rio Grande do Sul,22.6015
411,Rolândia,Paraná,22.5915
412,Cianorte,Paraná,22.5541
413,Pontal do Paraná,Paraná,22.457
414,Alta Floresta,Mato Grosso,22.427
415,União da Vitória,Paraná,22.3538
416,Patrocínio,Minas Gerais,22.3492
417,Triunfo,Rio Grande do Sul,22.327
418,Goianésia,Goiás,22.2854
419,Franco da Rocha,São Paulo,22.1636
420,Maravilha,Alagoas,22.1453
421,Porto Feliz,São Paulo,22.0612
422,Beberibe,Ceará,22.0407
423,Araçoiaba da Serra,São Paulo,22.0261
424,Marituba,Pará,21.9357
425,Araquari,Santa Catarina,21.7632
426,Russas,Ceará,21.7333
427,Marechal Cândido Rondon,Paraná,21.6455
428,São José de Mipibu,Rio Grande do Norte,21.6176
429,Caçador,Santa Catarina,21.6114
430,Três Corações,Minas Gerais,21.5644
431,Biguaçu,Santa Catarina,21.5415
432,Guaratuba,Paraná,21.5353
433,Japeri,Rio de Janeiro,21.486
434,Cristalina,Goiás,21.4763
435,Colatina,Espírito Santo,21.4051
436,Palmeira dos Índios,Alagoas,21.3853
437,Serrinha,Bahia,21.3642
438,Itabirito,Minas Gerais,21.3109
439,Amparo,São Paulo,21.3069
440,Bebedouro,São Paulo,21.2908
441,João Monlevade,Minas Gerais,21.2747
442,Nísia Floresta,Rio Grande do Norte,21.2663
443,Vespasiano,Minas Gerais,21.1769
444,Benevides,Pará,21.1263
445,Alexânia,Goiás,21.0877
446,Itapoá,Santa Catarina,21.0397
447,Campo Bom,Rio Grande do Sul,20.997
448,Telêmaco Borba,Paraná,20.9576
449,Ubá,Minas Gerais,20.7649
450,Bacabal,Maranhão,20.7589
451,Cajamar,São Paulo,20.6623
452,São João da Barra,Rio de Janeiro,20.6428
453,Santo Antônio da Patrulha,Rio Grande do Sul,20.6402
454,Barbalha,Ceará,20.6395
455,Socorro,São Paulo,20.6347
456,Itabaiana,Sergipe,20.6268
457,Irecê,Bahia,20.6004
458,Tucuruí,Pará,20.5742
459,Moju,Pará,20.5046
460,Lençóis Paulista,São Paulo,20.4835
461,Itapeva,São Paulo,20.4743
462,Xangri-lá,Rio Grande do Sul,20.4583
463,Jacobina,Bahia,20.3857
464,Juatuba,Minas Gerais,20.2933
465,Matinhos,Paraná,20.2637
466,Barra do Piraí,Rio de Janeiro,20.2545
467,Unaí,Minas Gerais,20.1763
468,Gramado,Rio Grande do Sul,20.1621
469,Xanxerê,Santa Catarina,20.1463
470,Sapiranga,Rio Grande do Sul,20.1252
471,Piripiri,Piauí,20.0969
472,Alegrete,Rio Grande do Sul,20.0256
473,Canela,Rio Grande do Sul,19.9955
474,Pirapora,Minas Gerais,19.9844
475,Horizonte,Ceará,19.9622
476,Francisco Morato,São Paulo,19.9368
477,Taquara,Rio Grande do Sul,19.9304
478,Itaperuna,Rio de Janeiro,19.9217
479,Penápolis,São Paulo,19.9172
480,Itacoatiara,Amazonas,19.8693
481,Lorena,São Paulo,19.828
482,Aracati,Ceará,19.8259
483,Conde,Paraíba,19.8127
484,Estância,Sergipe,19.7564
485,Oriximiná,Pará,19.7324
486,São Sebastião do Paraíso,Minas Gerais,19.7157
487,Santa Inês,Maranhão,19.6721
488,Nova Odessa,São Paulo,19.6365
489,Itajubá,Minas Gerais,19.5058
490,Várzea Paulista,São Paulo,19.4947
491,Iguatu,Ceará,19.4588
492,Tupã,São Paulo,19.4398
493,São Lourenço da Mata,Pernambuco,19.412
494,Campo Novo do Parecis,Mato Grosso,19.3415
495,Igarapé,Minas Gerais,19.3249
496,Salinópolis,Pará,19.2688
497,Floriano,Piauí,19.1155
498,Santo Estêvão,Bahia,19.043
499,Abreu e Lima,Pernambuco,18.9961
500,Monte Mor,São Paulo,18.9921
501,Santana,Amapá,18.9743
502,Paracatu,Minas Gerais,18.9494
503,Teutônia,Rio Grande do Sul,18.949
504,Patos,Paraíba,18.9321
505,Codó,Maranhão,18.9259
506,Tianguá,Ceará,18.8844
507,Nova Serrana,Minas Gerais,18.7957
508,Pedro Leopoldo,Minas Gerais,18.783
509,São Borja,Rio Grande do Sul,18.7755
510,Dias d'Ávila,Bahia,18.7195
511,São Félix do Xingu,Pará,18.6927
512,Armação dos Búzios,Rio de Janeiro,18.6917
513,Mirassol,São Paulo,18.6553
514,Barra Velha,Santa Catarina,18.6543
515,Braço do Norte,Santa Catarina,18.6149
516,Taboão da Serra,São Paulo,18.6092
517,Paracuru,Ceará,18.6007
518,Conceição do Coité,Bahia,18.5705
519,Serra do Ramalho,Bahia,18.3722
520,São Gabriel,Rio Grande do Sul,18.3058
521,Paraty,Rio de Janeiro,18.2792
522,Ibiporã,Paraná,18.2711
523,Medianeira,Paraná,18.2538
524,Formiga,Minas Gerais,18.2537
525,Viçosa,Minas Gerais,18.227
526,Nova Petrópolis,Rio Grande do Sul,18.1868
527,Guaxupé,Minas Gerais,18.1444
528,Estância Velha,Rio Grande do Sul,18.1386
529,Cidade Ocidental,Goiás,18.1297
530,Timóteo,Minas Gerais,18.1272
531,Santo Antônio do Descoberto,Goiás,18.1245
532,Itaporanga d'Ajuda,Sergipe,18.1063
533,Imbé,Rio Grande do Sul,18.0855
534,Alfenas,Minas Gerais,17.9992
535,Paraíso do Tocantins,Tocantins,17.9521
536,Ferraz de Vasconcelos,São Paulo,17.9475
537,Hidrolândia,Goiás,17.7946
538,Parintins,Amazonas,17.7885
539,Guararema,São Paulo,17.7772
540,Nova Viçosa,Bahia,17.7602
541,Olímpia,São Paulo,17.734
542,Januária,Minas Gerais,17.6804
543,Capitão Poço,Pará,17.645
544,Barreirinhas,Maranhão,17.6393
545,Guaramirim,Santa Catarina,17.6213
546,Muriaé,Minas Gerais,17.6069
547,Bom Despacho,Minas Gerais,17.5933
548,Candeias,Bahia,17.5462
549,Belterra,Pará,17.5266
550,São Miguel do Oeste,Santa Catarina,17.4904
551,Pinheiro,Maranhão,17.4584
552,Bom Jesus da Lapa,Bahia,17.4171
553,Garopaba,Santa Catarina,17.2528
554,Batatais,São Paulo,17.2222
555,Cabreúva,São Paulo,17.2058
556,Ibitinga,São Paulo,17.1609
557,Belo Jardim,Pernambuco,17.1429
558,Capanema,Pará,17.1411
559,Arroio do Meio,Rio Grande do Sul,17.1213
560,São Gabriel da Cachoeira,Amazonas,17.1093
561,Caratinga,Minas Gerais,17.0926
562,Salgueiro,Pernambuco,17.0792
563,Tabatinga,Amazonas,17.0205
564,Salto de Pirapora,São Paulo,17.001
565,Videira,Santa Catarina,16.9633
566,Garibaldi,Rio Grande do Sul,16.9401
567,Santiago,Rio Grande do Sul,16.937
568,Mongaguá,São Paulo,16.9253
569,Mata de São João,Bahia,16.9241
570,Araripina,Pernambuco,16.889
571,Camaquã,Rio Grande do Sul,16.8876
572,Senhor do Bonfim,Bahia,16.8617
573,Porangatu,Goiás,16.8278
574,Três Rios,Rio de Janeiro,16.8194
575,Pederneiras,São Paulo,16.7711
576,Palotina,Paraná,16.729
577,Itatiaia,Rio de Janeiro,16.6565
578,Porto Ferreira,São Paulo,16.6404
579,Santa Isabel,São Paulo,16.6304
580,São Gonçalo dos Campos,Bahia,16.595
581,Paudalho,Pernambuco,16.5676
582,Naviraí,Mato Grosso do Sul,16.5364
583,Capivari,São Paulo,16.41
584,Xinguara,Pará,16.3999
585,Acaraú,Ceará,16.3326
586,Assu,Rio Grande do Norte,16.3237
587,Penedo,Alagoas,16.3004
588,Santa Vitória do Palmar,Rio Grande do Sul,16.2879
589,Andradina,São Paulo,16.2846
590,Guajará-Mirim,Rondônia,16.2831
591,Rio Largo,Alagoas,16.2729
592,Campo Formoso,Bahia,16.2605
593,Prudentópolis,Paraná,16.2508
594,Balneário Camboriú,Santa Catarina,16.1643
595,Seabra,Bahia,16.0711
596,Pacajus,Ceará,16.0586
597,Rio Bonito,Rio de Janeiro,16.0392
598,Laguna,Santa Catarina,16.0384
599,Viçosa do Ceará,Ceará,16.0259
600,Chapadinha,Maranhão,15.9922
601,Presidente Epitácio,São Paulo,15.9837
602,Novo Progresso,Pará,15.9817
603,Colniza,Mato Grosso,15.9771
604,Sousa,Paraíba,15.9683
605,Palmas,Paraná,15.9488
606,Frutal,Minas Gerais,15.9068
607,Panambi,Rio Grande do Sul,15.9024
608,Curuçá,Pará,15.8659
609,Portão,Rio Grande do Sul,15.8548
610,Jaru,Rondônia,15.844
611,Santo Antônio de Jesus,Bahia,15.7516
612,Delmiro Gouveia,Alagoas,15.7369
613,Rio Negrinho,Santa Catarina,15.726
614,São José do Rio Pardo,São Paulo,15.7054
615,Assis Chateaubriand,Paraná,15.6713
616,Campo Verde,Mato Grosso,15.658
617,Viseu,Pará,15.6536
618,Coronel Fabriciano,Minas Gerais,15.65
619,Tutóia,Maranhão,15.64
620,Registro,São Paulo,15.6255
621,Tijucas,Santa Catarina,15.56
622,Viana,Espírito Santo,15.5561
623,Cruzeiro,São Paulo,15.5407
624,Aquidauana,Mato Grosso do Sul,15.5332
625,Santa Luzia,Maranhão,15.5318
626,Louveira,São Paulo,15.5304
627,Itapema,Santa Catarina,15.5303
628,Santa Izabel do Pará,Pará,15.5156
629,Vitória de Santo Antão,Pernambuco,15.5025
630,Manacapuru,Amazonas,15.502
631,Janaúba,Minas Gerais,15.4873
632,Campina Grande do Sul,Paraná,15.4788
633,Novo Repartimento,Pará,15.4247
634,Nova Mutum,Mato Grosso,15.3947
635,Estrela,Rio Grande do Sul,15.3807
636,Vargem Grande Paulista,São Paulo,15.3642
637,Nova Santa Rita,Rio Grande do Sul,15.3349
638,São Caetano do Sul,São Paulo,15.3307
639,Itapecuru-Mirim,Maranhão,15.2893
640,Arroio do Sal,Rio Grande do Sul,15.2859
641,Morrinhos,Goiás,15.2656
642,Novo Gama,Goiás,15.2589
643,Esteio,Rio Grande do Sul,15.2541
644,Cametá,Pará,15.1802
645,Serra Talhada,Pernambuco,15.1752
646,Camboriú,Santa Catarina,15.1456
647,Inhumas,Goiás,15.1133
648,Parobé,Rio Grande do Sul,15.0921
649,São Joaquim de Bicas,Minas Gerais,15.088
650,Artur Nogueira,São Paulo,15.0841
651,São Mateus do Sul,Paraná,15.0529
652,São Luiz Gonzaga,Rio Grande do Sul,15.0172
653,Jales,São Paulo,14.986
654,São Raimundo Nonato,Piauí,14.9782
655,Caieiras,São Paulo,14.9574
656,Crateús,Ceará,14.9207
657,Limoeiro do Norte,Ceará,14.9108
658,Salvaterra,Pará,14.8538
659,Surubim,Pernambuco,14.8495
660,Entre Rios,Bahia,14.8404
661,Ilha Comprida,São Paulo,14.7406
662,Tailândia,Pará,14.7313
663,Cosmópolis,São Paulo,14.7281
664,Jaraguá,Goiás,14.7189
665,Trairi,Ceará,14.7184
666,Taquaritinga,São Paulo,14.6183
667,Niquelândia,Goiás,14.5993
668,Rorainópolis,Roraima,14.5752
669,Dois Vizinhos,Paraná,14.5629
670,Uruaçu,Goiás,14.56
671,Pacatuba,Ceará,14.5373
672,Valença,Rio de Janeiro,14.5034
673,Rio Negro,Paraná,14.4681
674,Cabedelo,Paraíba,14.4364
675,Maranguape,Ceará,14.4167
676,Paranaíba,Mato Grosso do Sul,14.4164
677,Jandira,São Paulo,14.4152
678,Marialva,Paraná,14.4074
679,Euclides da Cunha,Bahia,14.4052
680,Padre Bernardo,Goiás,14.4043
681,Quirinópolis,Goiás,14.3805
682,Cataguases,Minas Gerais,14.3403
683,Castro,Paraná,14.3299
684,Cajazeiras,Paraíba,14.3025
685,Ribeira do Pombal,Bahia,14.2575
686,Guaíra,Paraná,14.2431
687,Poá,São Paulo,14.2376
688,Santo Amaro,Bahia,14.1756
689,Charqueadas,Rio Grande do Sul,14.1712
690,Curitibanos,Santa Catarina,14.1562
691,Carpina,Pernambuco,14.1519
692,Tietê,São Paulo,14.123
693,Normandia,Roraima,14.1138
694,Caicó,Rio Grande do Norte,14.0727
695,Mangaratiba,Rio de Janeiro,14.0575
696,Vera Cruz,Rio Grande do Sul,14.0392
697,Coruripe,Alagoas,13.9594
698,Juara,Mato Grosso,13.9298
699,Santa Cruz do Rio Pardo,São Paulo,13.9249
700,Altos,Piauí,13.9098
701,Buriticupu,Maranhão,13.9002
702,Forquilhinha,Santa Catarina,13.8472
703,Mesquita,Rio de Janeiro,13.8297
704,Iporá,Goiás,13.8055
705,Penha,Santa Catarina,13.7965
706,Pontes e Lacerda,Mato Grosso,13.7594
707,Coxim,Mato Grosso do Sul,13.7201
708,Missão Velha,Ceará,13.6975
709,Marapanim,Pará,13.6576
710,Rosário do Sul,Rio Grande do Sul,13.6271
711,Alenquer,Pará,13.6116
712,Campo Maior,Piauí,13.6061
713,Pedro II,Piauí,13.598
714,Lagoa da Prata,Minas Gerais,13.5953
715,Flores da Cunha,Rio Grande do Sul,13.5315
716,São Miguel do Iguaçu,Paraná,13.5017
717,Itaberaba,Bahia,13.4948
718,Serra Negra,São Paulo,13.4778
719,Iguaba Grande,Rio de Janeiro,13.4596
720,Cerquilho,São Paulo,13.4429
721,Arcoverde,Pernambuco,13.3901
722,São Benedito,Ceará,13.3774
723,Ilhabela,São Paulo,13.3524
724,Maracanã,Pará,13.3398
725,São João Batista,Santa Catarina,13.3096
726,Palmares do Sul,Rio Grande do Sul,13.3069
727,Matozinhos,Minas Gerais,13.3023
728,Manhuaçu,Minas Gerais,13.2801
729,Prado,Bahia,13.2778
730,Chapada dos Guimarães,Mato Grosso,13.2272
731,Marau,Rio Grande do Sul,13.222
732,Miguel Pereira,Rio de Janeiro,13.2092
733,Capão do Leão,Rio Grande do Sul,13.1722
734,Brumado,Bahia,13.1569
735,Carlos Barbosa,Rio Grande do Sul,13.1246
736,Dracena,São Paulo,13.1022
737,Monte Alto,São Paulo,13.0769
738,Santa Helena,Paraná,13.062
739,São Sebastião do Caí,Rio Grande do Sul,12.9991
740,Pimenta Bueno,Rondônia,12.9981
741,Brejo Santo,Ceará,12.9955
742,Paty do Alferes,Rio de Janeiro,12.9836
743,Barras,Piauí,12.9582
744,Confresa,Mato Grosso,12.9542
745,Lapa,Paraná,12.9371
746,Touros,Rio Grande do Norte,12.8813
747,Jacundá,Pará,12.8771
748,Santa Helena de Goiás,Goiás,12.8734
749,Guabiruba,Santa Catarina,12.8528
750,São Joaquim da Barra,São Paulo,12.8499
751,Cornélio Procópio,Paraná,12.8403
752,Nova Andradina,Mato Grosso do Sul,12.8292
753,São Bento do Una,Pernambuco,12.8068
754,Humaitá,Amazonas,12.8043
755,Manicoré,Amazonas,12.8042
756,Rio Pardo,Rio Grande do Sul,12.7926
757,Poxoréu,Mato Grosso,12.7824
758,Pilar do Sul,São Paulo,12.7705
759,Itaqui,Rio Grande do Sul,12.7485
760,Frederico Westphalen,Rio Grande do Sul,12.672
761,Pesqueira,Pernambuco,12.6291
762,Guarantã do Norte,Mato Grosso,12.6253
763,Dom Pedrito,Rio Grande do Sul,12.6066
764,Arcos,Minas Gerais,12.5755
765,Balneário Pinhal,Rio Grande do Sul,12.567
766,Campo Belo,Minas Gerais,12.4911
767,João Pinheiro,Minas Gerais,12.4823
768,Santa Cruz do Capibaribe,Pernambuco,12.4338
769,Adamantina,São Paulo,12.4262
770,Óbidos,Pará,12.4217
771,Agudo,Rio Grande do Sul,12.3981
772,Conceição do Araguaia,Pará,12.3937
773,Jardinópolis,São Paulo,12.3351
774,Barra Bonita,São Paulo,12.2951
775,Coroatá,Maranhão,12.2853
776,Tucano,Bahia,12.2594
777,Piracuruca,Piauí,12.2467
778,Pedreira,São Paulo,12.2109
779,Ilha de Itamaracá,Pernambuco,12.204
780,Novo Horizonte,São Paulo,12.1915
781,Piedade,São Paulo,12.1904
782,Itaberaí,Goiás,12.1715
783,Bela Vista de Goiás,Goiás,12.1672
784,Três Marias,Minas Gerais,12.1671
785,Taquari,Rio Grande do Sul,12.1607
786,Cruz das Almas,Bahia,12.1597
787,Santa Fé do Sul,São Paulo,12.1554
788,Barra dos Coqueiros,Sergipe,12.1415
789,Goiatuba,Goiás,12.135
790,Astorga,Paraná,12.1235
791,São Francisco,Minas Gerais,12.1064
792,Itápolis,São Paulo,12.0937
793,Balneário Piçarras,Santa Catarina,12.0849
794,Balneário Gaivota,Santa Catarina,12.0837
795,Mucuri,Bahia,12.0622
796,Dom Eliseu,Pará,12.011
797,Caeté,Minas Gerais,11.9994
798,Santana do Araguaia,Pará,11.9974
799,Diamantina,Minas Gerais,11.9823
800,Joaçaba,Santa Catarina,11.9758
801,Dois Irmãos,Rio Grande do Sul,11.9733
802,Tucumã,Pará,11.9647
803,São Manuel,São Paulo,11.9394
804,Santa Maria da Boa Vista,Pernambuco,11.9232
805,Ivaiporã,Paraná,11.8925
806,Presidente Dutra,Maranhão,11.8816
807,Quixeramobim,Ceará,11.8676
808,Itamaraju,Bahia,11.839
809,Garça,São Paulo,11.8175
810,Palmeira das Missões,Rio Grande do Sul,11.8147
811,Mariana,Minas Gerais,11.7667
812,São Sebastião,Alagoas,11.7571
813,Conceição do Jacuípe,Bahia,11.745
814,Monte Carmelo,Minas Gerais,11.7387
815,Esperantina,Piauí,11.7198
816,Quatro Barras,Paraná,11.713
817,Candelária,Rio Grande do Sul,11.7049
818,Morada Nova,Ceará,11.6942
819,Cidreira,Rio Grande do Sul,11.6921
820,Tomé-Açu,Pará,11.6915
821,Laranjeiras do Sul,Paraná,11.6866
822,Guaraciaba do Norte,Ceará,11.6804
823,Agudos,São Paulo,11.6345
824,Aparecida do Taboado,Mato Grosso do Sul,11.6338
825,Icó,Ceará,11.6081
826,Campos Novos,Santa Catarina,11.5887
827,Igarapé-Miri,Pará,11.5681
828,Caçapava do Sul,Rio Grande do Sul,11.5355
829,Santo Antônio da Platina,Paraná,11.5258
830,Porto União,Santa Catarina,11.5228
831,São Francisco de Paula,Rio Grande do Sul,11.5119
832,Soledade,Rio Grande do Sul,11.511
833,Nova Mamoré,Rondônia,11.5088
834,Valença,Bahia,11.4996
835,Oeiras,Piauí,11.4993
836,Dois Córregos,São Paulo,11.4736
837,Bayeux,Paraíba,11.4732
838,Morretes,Paraná,11.4278
839,José de Freitas,Piauí,11.4023
840,Várzea da Palma,Minas Gerais,11.3715
841,Barreirinha,Amazonas,11.3448
842,Massaranduba,Santa Catarina,11.336
843,Itapemirim,Espírito Santo,11.3257
844,Zé Doca,Maranhão,11.3096
845,Iturama,Minas Gerais,11.3075
846,Bom Princípio,Rio Grande do Sul,11.3016
847,Itapetinga,Bahia,11.2997
848,Três Passos,Rio Grande do Sul,11.2946
849,Balneário Arroio do Silva,Santa Catarina,11.2847
850,Ponte Nova,Minas Gerais,11.2729
851,Itaitinga,Ceará,11.2691
852,Quixadá,Ceará,11.2674
853,Encantado,Rio Grande do Sul,11.2646
854,Anchieta,Espírito Santo,11.261
855,Colinas do Tocantins,Tocantins,11.232
856,Porangaba,São Paulo,11.2142
857,Canarana,Mato Grosso,11.2121
858,Brotas,São Paulo,11.21
859,Serra do Mel,Rio Grande do Norte,11.1819
860,Nova Prata,Rio Grande do Sul,11.1747
861,Casimiro de Abreu,Rio de Janeiro,11.1319
862,Restinga Sêca,Rio Grande do Sul,11.1172
863,Ituporanga,Santa Catarina,11.085
864,Ivoti,Rio Grande do Sul,11.0673
865,São Lourenço do Sul,Rio Grande do Sul,11.0606
866,Colinas,Maranhão,11.0599
867,Presidente Venceslau,São Paulo,11.0554
868,Imbituva,Paraná,11.0506
869,Igrejinha,Rio Grande do Sul,11.0458
870,Ouro Branco,Minas Gerais,11.0423
871,Santana do Paraíso,Minas Gerais,11.0219
872,Mandaguari,Paraná,10.9846
873,Presidente Figueiredo,Amazonas,10.9785
874,Sidrolândia,Mato Grosso do Sul,10.8802
875,Vargem Grande do Sul,São Paulo,10.8672
876,Tremembé,São Paulo,10.8538
877,Biritiba Mirim,São Paulo,10.8316
878,Poconé,Mato Grosso,10.8288
879,Maracaju,Mato Grosso do Sul,10.8282
880,Augusto Corrêa,Pará,10.8239
881,Pindoretama,Ceará,10.8238
882,Iperó,São Paulo,10.8201
883,São Francisco do Conde,Bahia,10.8199
884,Porto Real,Rio de Janeiro,10.7995
885,Água Boa,Mato Grosso,10.7856
886,Pacaraima,Roraima,10.7802
887,Goioerê,Paraná,10.7794
888,Nova Venécia,Espírito Santo,10.7671
889,Caracaraí,Roraima,10.7505
890,Ourilândia do Norte,Pará,10.7478
891,Tanguá,Rio de Janeiro,10.7171
892,José Bonifácio,São Paulo,10.7124
893,Paraguaçu Paulista,São Paulo,10.6397
894,Bocaiuva,Minas Gerais,10.6312
895,Uruará,Pará,10.6165
896,Três Pontas,Minas Gerais,10.6121
897,Santa Cruz Cabrália,Bahia,10.5742
898,Rio Brilhante,Mato Grosso do Sul,10.5697
899,Amambai,Mato Grosso do Sul,10.5662
900,São Luís de Montes Belos,Goiás,10.5614
901,Orlândia,São Paulo,10.5048
902,Guaíra,São Paulo,10.496
903,Presidente Getúlio,Santa Catarina,10.4911
904,Chapadão do Sul,Mato Grosso do Sul,10.4842
905,Visconde do Rio Branco,Minas Gerais,10.4707
906,Icapuí,Ceará,10.4675
907,Araguatins,Tocantins,10.4419
908,Ituverava,São Paulo,10.4274
909,Vassouras,Rio de Janeiro,10.4269
910,Xaxim,Santa Catarina,10.4238
911,Esplanada,Bahia,10.4236
912,Jacarezinho,Paraná,10.4194
913,Capão Bonito,São Paulo,10.406
914,João Câmara,Rio Grande do Norte,10.4036
915,Itararé,São Paulo,10.4032
916,Feliz,Rio Grande do Sul,10.3956
917,Bombinhas,Santa Catarina,10.3883
918,Marataízes,Espírito Santo,10.3848
919,Batalha,Piauí,10.3649
920,São Lourenço,Minas Gerais,10.3554
921,Aripuanã,Mato Grosso,10.3503
922,Santo Amaro da Imperatriz,Santa Catarina,10.3186
923,Ulianópolis,Pará,10.3149
924,Paraíba do Sul,Rio de Janeiro,10.3099
925,Pires do Rio,Goiás,10.3093
926,Sombrio,Santa Catarina,10.3072
927,Cantá,Roraima,10.3047
928,Leopoldina,Minas Gerais,10.2927
929,Tauá,Ceará,10.2905
930,Tefé,Amazonas,10.2882
931,Arame,Maranhão,10.2591
932,Colíder,Mato Grosso,10.2568
933,Descalvado,São Paulo,10.24
934,Jardim,Mato Grosso do Sul,10.2295
935,Bariri,São Paulo,10.2155
936,Piracaia,São Paulo,10.212
937,Canindé,Ceará,10.1996
938,Maravilha,Santa Catarina,10.1911
939,Posse,Goiás,10.18
940,Santa Rita do Sapucaí,Minas Gerais,10.1748
941,Camocim,Ceará,10.162
942,Bela Vista,Mato Grosso do Sul,10.1619
943,Peixoto de Azevedo,Mato Grosso,10.1363
944,Juruti,Pará,10.1268
945,Diamantino,Mato Grosso,10.1073
946,Casa Branca,São Paulo,10.1031
947,Maués,Amazonas,10.0765
948,Guariba,São Paulo,10.0623
949,Jaguariaíva,Paraná,10.0602
950,União dos Palmares,Alagoas,10.0426
951,Ubajara,Ceará,10.0417
952,Palmeira,Paraná,10.0379
953,Pitanga,Paraná,10.0211
954,Nova Esperança,Paraná,10.0148
955,Ouro Fino,Minas Gerais,10.0131
